recipe_code,list_korean
195453,계란
195453,전분
195453,부침가루
195453,소금
195453,후추
195453,참기름
195453,밀가루
195453,배추
195453,호박
195453,대파
195453,다짐육
195453,콩비지
195453,다진마늘
195428,통깨
195428,마요네즈
195428,설탕
195428,식초
195428,두부
195428,소금
195428,참기름
195428,통깨
195428,김밥용김
195428,어린잎채소
195428,가지
195428,당근
195428,밥
195428,오이
180363,설탕
180363,통깨
180363,식초
180363,고추장
180363,소금
180363,쪽파
180363,중새우
180344,양파
180344,방울토마토
180344,밥
180344,물
180344,셀러리
180344,후추
180344,햄
180344,달걀
180344,카레가루
180330,식빵
180330,마요네즈
180330,꿀
180330,달걀노른자
180330,우유
180330,고구마
180330,소금
180330,건블루베리
120476,후추
120476,다진마늘
120476,들기름
120476,통깨
120476,소금
120476,버섯
120476,두부
120476,당면
120476,당근
120476,다짐육(소고기)
120476,다짐육(돼지고기)
120476,다진생강
120476,간장
120476,달걀
120476,미나리
120476,배추잎
120463,부침가루
120463,양파
120463,감자
120463,당근채
120463,당근잎
120463,소금
120441,고춧가루
120441,들기름
120441,설탕
120441,다진마늘
120441,무
120441,양파
120441,단호박
120441,간장
120441,된장
120441,고추장
120441,쌀뜨물
120441,고등어
120441,청양고추
120441,홍고추
120419,매실액
120419,통깨
120419,참기름
120419,고추
120419,라이스페이퍼
120419,연어살
120419,무채
120419,고사리
120419,도라지
120419,콩나물
120419,시금치
120401,애호박
120401,어린잎채소
120401,부침유
120401,간장
120401,맛술
120401,통깨
120401,다진마늘
120401,식초
120401,청양고추
120401,대파
120401,참기름
120401,올리브유
120379,양파
120379,단무지
120379,아몬드
120379,견과류
120379,마요네즈
120379,꿀
120379,허브솔트
120379,소금
120379,머드터드
120379,식초
120379,황설탕
120379,백오이
120379,참치캔
120379,삶은계란
120360,아몬드
120360,다진고추
120360,매실액
120360,굴소스
120360,다진식파
120360,에멘탈 치즈가루
120360,두부
120360,가지
120360,굴소스
120344,설탕
120344,통깨
120344,다진마늘
120344,고춧가루
120344,간장
120344,까나리액젓
120344,쪽파
120344,깻잎
120344,홍고추
91023,설탕
91023,물
91023,간장
91023,식초
91023,고추
91010,탄산수
91010,얼음
91010,설탕
91010,허브(민트)
91010,라임
90997,슬라이스치즈
90997,마요네스
90997,슬라이스햄
90997,모닝빵
90997,토마토
90997,어린잎채소
90997,허니머스타드
90980,설탕
90980,통깨
90980,식초
90980,된장
90980,고춧가루
90980,대파
90980,청고추
90980,홍고추
90980,양파
90980,둥근호박
90960,통깨
90960,양파
90960,쪽파
90960,다진마늘
90960,풋고추
90960,소금
90960,쌈장
90960,밥
90960,호박잎
90960,가지
90960,간장
90941,와사비
90941,후추
90941,설탕
90941,식초
90941,고추장
90941,오징어
90941,양파
90941,고추
90941,당근
90941,오이
90941,쑥갓
90941,치커리
90941,상추
90920,가지
90920,올리브오일
90920,후추
90920,소금
90920,파마산치즈가루
90920,양파
90920,토마토소스
90920,파슬리가루
90920,피자치즈
90920,다진마늘
90920,우유
90904,가지
90904,양파
90904,홍고추
90904,청고추
90904,대파
90904,다진마늘
90904,고춧가루
90904,들기름
90904,간장
90904,소금
90904,후추
90894,소금
90894,고구마잎
90894,다진마늘
90894,다진파
90894,깨소금
90894,참기름
90881,후추
90881,허니머스타드
90881,소금
90881,마요네즈
90881,노각
90881,닭가슴살
90881,호박
90868,다진마늘
90868,방울토마토
90868,미니새송이버섯
90868,다진쪽파
90868,바질
90868,소금
90868,올리브유
90846,소금
90846,물
90846,파뿌리
90846,양파
90846,밥
90846,무
90846,깐밤
90846,소금
90846,오이
90846,노란 파프리카
90846,붉은 파프리카
90846,생강
90834,고추가루
90834,액젓
90834,매실액
90834,다진마늘
90834,돛나물
90834,부추
90834,오이
90834,양파
90818,소금
90818,사과
90818,가지
90818,소고기
90818,무순
90818,당근
90818,버섯
90818,버터
90799,바질
90799,잣
90799,다진마늘
90799,올리브오일
90799,파마르산치즈
90799,"소금, 후추"
90799,다진마늘
90799,화이트와인
90799,새우
90799,스파게티면
90799,"소금, 후추"
90799,올리브오일
73712,찹쌀가루
73712,밀가루
73712,들깨가루
73712,올리브유
73712,소금
73712,육수용 물
73712,육수용 무
73712,국물용 다시마
73712,국물용멸치
73712,육수용 대파
73712,시금치
73699,슈레드 치즈(모짜렐라치즈)
73699,슬라이스치즈
73699,전분
73699,찐옥수수 알갱이
73699,무지개고추
73699,파프리카
73699,단호박
73679,낙지
73679,절인 배추
73679,고춧가루
73679,감동젓
73679,다진마늘
73679,다진생각
73679,설탕
73679,소급
73679,생굴
73679,실파
73679,미나리
73679,밤
73679,배
73679,무
73679,북어
62330,절인 배추
62330,생강
62330,잣
62330,대추
62330,굴
62330,낙지다리
62330,밤
62330,배
62330,미나리
62330,실파
62330,갓
62330,소금
62330,새우젓
62330,고춧가루
62330,마늘
62330,무
39692,돼지갈비
39692,시래기
39692,후추
39692,소금
39692,다진생강
39692,다진마늘
39692,다진양파
39692,다진파
39692,사과즙
39692,배즙
39692,청주
39692,간장
39692,다시마 우린 물
39692,고춧가루
39692,고추장
39665,양파
39665,대파
39665,참쌀
39665,인삼
39665,땅콩
39665,소금
39665,닭
39665,잣
39665,통후추
39665,대추
39665,볶은 흑임자(검은깨)
5836,쇠고기(안심 또는 등심)
5836,소금
5836,양파
5836,감자
5836,당근
5836,"홍피망, 청피망 각각"
5836,양송이버섯
5836,"후추, 식용유"
5836,칠리
5836,다진 마늘
5836,물
5836,월계수 잎
5836,바질
5836,토마토페이스트
5836,토마토
540,감자
540,오이
540,플레인요구르트
540,맛살
540,양배추
540,양파
540,햄
539,고구마
539,녹색피망
539,노랑/빨강 파프리카
539,양파
539,마요네즈
539,당근
539,브로코리 
538,단호박
538,마요네즈
538,사과
538,오이
538,달걀 
537,포도씨유
537,볶은소금
537,맛간장
537,마늘
537,새송이버섯
537,깨소금
536,가지
536,빨강파프리카·노랑 파프리카·청피망
536,올리브유
536,굵은소금·후춧가루
535,상추
535,양념장
534,양파
534,도라지
534,오이
533,소금약간
533,브로코리
533,오징어
532,진밥
532,두부
532,적양배추
532,아가용 치즈
532,다시마국물
531,표고버섯
531,감자
531,아기된장소스
531,양파
531,당근
531,멥쌀
531,찹쌀
531,시금치
530,진밥(멥쌀+찹쌀)
530,당근
530,닭가슴살
530,가지
530,애호박
530,양파
529,쇠고기
529,브로코리
529,감자
529,느타리버섯
529,양파
529,당근
529,찹쌀
529,멥쌀
528,흰살 생선
528,양파
528,치즈
528,감자
528,당근
528,적당량의 물
528,멥쌀
528,찹쌀
527,고구마
527,당근
527,사과
527,물
527,양파
527,멥쌀
527,찹쌀
527,브로코리
526,닭가슴살
526,비트
526,우유 적당량
526,양파
526,대파 대
526,멥쌀
525,불린 쌀
525,닭가슴살
525,청경채
525,정수물 또는 닭육수
525,당근
525,애호박
525,양파
524,멥쌀
524,찹쌀
524,양송이
524,아가용치즈
524,당근
524,양파
524,밤
523,흑임자
523,표고
523,애호박
523,찹쌀
523,양파
523,쌀
523,당근
522,쇠고기
522,아욱
522,감자
522,느타리버섯
522,육수 및 생수
522,당근
522,멥쌀
522,찹쌀
522,양파
521,불린 쌀
521,불린 찹쌀
521,물
521,당근
521,쇠고기
520,불린 쌀
520,물
520,단호박
520,불린 흑미
519,불린 쌀
519,불린 찹쌀
519,생수
519,배
519,밤
518,불린 쌀
518,당근
518,양송이
517,쇠고기육수
517,청경채
517,쇠고기
517,불린 멥쌀
516,멥쌀
516,찹쌀
516,물(쇠고기육수)
516,배
516,시금치
515,단호박
515,브로코리
515,생수
515,찹쌀
515,불린 멥쌀
514,불린 쌀
514,정수물(쇠고기육수)
514,애호박
514,쇠고기
513,불린 쌀
513,생수 반컵
513,오이
512,불린 쌀
512,생수
512,양배추
511,불린 쌀
511,생수 또는 분유물(모유)
511,감자
510,불린 쌀
510,물
510,사과
509,당근
509,불린 쌀
508,불린 쌀
508,생수 반컵
508,고구마
507,애호박(속살)
507,불린 쌀
506,불린 찹쌀
506,불린 쌀
505,불린 쌀
505,물
505,비트 간 것
504,불린 쌀
504,정제수(생수)
504,브로코리
503,단호박
503,불린 쌀
502,배
502,불린 쌀
501,생수
501,불린 쌀
500,올리브오일
500,후춧가루
500,당근
500,샐러리
500,쌀
500,화이트와인
500,완두콩
500,닭 육수
500,이태리고추
500,사라다나
500,트레비소
500,마늘
500,로즈마리
500,낙지
500,이태리파슬리
500,토마토
500,파프리카
500,차이브
500,소금
500,양파
499,돼지 볼살
499,스파게티
499,양파
499,계란노른자
499,그라나 빠다노
499,우유
499,이태리파슬리
499,후추
499,소금
499,생크림
498,송어
498,양상추
498,무순
498,파인애플
498,오이
498,토마토
498,파슬리
497,잉어
497,콩나물
497,미나리
497,계란
497,홍고추
497,[양념장] 고춧가루
497,참기름
497,다진마늘
497,된장
497,물엿
497,생강
497,후춧가루
497,고추장
496,메기
496,무
496,대파
496,마늘
496,생강
496,쑥갓
496,고추장
496,식용유
496,소금
496,후춧가루
496,물
496,고춧가루
495,설탕
495,식초
495,육수
495,깨소금
495,냉면
495,계란
495,방울토마토
495,샐러드채소
495,무
495,[배합초] 소금
495,설탕
495,식초
495,물
495,[비빔양념] 간장
495,고추장
495,다진마늘
495,다진파
495,물엿
494,미소
494,두부
494,간장
494,팽이버섯
494,실파
494,다시마
493,김치
493,꽁치
493,무
493,간장
493,마늘
493,김칫국물
493,대파
492,떡국떡
492,만두피
492,구운김
492,대파
492,다진마늘
492,청정원맛선생
492,국간장
492,참기름
492,만두피
492,다진돼지고기
492,배추김치
492,숙주
492,두부
492,파
492,계란
491,미니파프리카
491,오이
491,당근
491,브로콜리
491,양배추
491,식초
491,발효초
491,설탕
491,소금
491,통후추
491,물
490,플레인요구르트
490,발효초
490,꿀
490,과일통조림
490,초콜릿
489,식초
489,설탕
489,간장
489,참기름
489,다진마늘
489,고추장
489,쫄면
489,오이
489,파프리카
489,깻잎
489,새싹채소
489,물엿
488,우동면
488,참기름
488,김치
488,쑥갓
488,김
488,[육수] 시판용장국
488,물
488,고춧가루
488,국간장
488,소금
488,후춧가루
488,맛술
488,설탕
488,식초
488,고춧가루
488,새우
487,두부
487,계란
487,청정원어장
487,고춧가루
487,깨소금
487,양파
487,미더덕
487,바지락
487,잔새우
487,다시마
487,멸치
487,참기름
486,대하
486,홍고추
486,미더덕
486,바지락
486,꽃게
486,무
486,양파
486,청고추
486,다시마
486,미나리
486,쑥갓
486,고춧가루
486,국간장
486,맛술
486,다진마늘
486,다진생강
486,후춧가루
486,소금
486,참기름
486,오징어
485,청주
485,간장
485,홍고추
485,참기름
485,올리브오일
485,청고추
485,양파
485,표고버섯
485,피망
485,마늘
485,새송이버섯
485,청정원순창쌈장
485,물
485,쪽파
485,다진마늘
485,설탕
484,파프리카
484,팽이버섯
484,새우
484,오징어
484,바지락
484,날치알
484,파프리카
484,소금
484,후춧가루
484,굴소스
484,밥
484,참기름
484,청주
483,양배추
483,새우
483,실파
483,베이컨
483,굴소스
483,가쯔오브시
483,양파
483,팽이버섯
483,소금
483,후춧가루
483,밀가루
483,다시물
483,계란
483,마요네즈
482,두부
482,청고추
482,홍고추
482,소금
482,굴소스
482,물
482,참기름
482,다진마늘
481,신김치
481,돼지고기안심
481,청정원국선생
481,표고버섯
481,식용유
481,청고추
481,후춧가루
481,맛술
481,대파
480,홍합
480,모시조개
480,무
480,홍고추
480,대파
480,미나리
480,고춧가루
480,다진마늘
480,다진생강
480,고추장
480,소금
480,후춧가루
480,다시마
480,청고추
480,쭈꾸미
480,간장
480,오징어
480,새우
480,양파
479,청고추
479,홍고추
479,오이
479,당근
479,새우
479,참기름
479,후춧가루
479,굴소스
479,꽃빵
479,새송이버섯
479,청주
479,포도씨유
478,포도씨유
478,두부
478,파프리카
478,식초
478,소금
478,후춧가루
478,간장
478,칵테일새우
477,참치통조림
477,당근
477,감자
477,표고버섯
477,불린쌀
477,애호박
477,국간장
477,깨소금
477,실파
477,물
477,다시마
477,참기름
476,닭
476,맛술
476,맛술
476,소금
476,후춧가루
476,호두
476,계란
476,녹말가루
476,튀김가루
476,카레가루
476,고추장
476,토마토케첩
476,물엿
476,꿀
476,물
476,식초
476,다진마늘
476,고추기름
476,우유
475,다진마늘
475,물
475,국간장
475,소금
475,후춧가루
475,밀가루
475,물
475,된장
475,표고버섯
475,감자
475,대파
475,양파
475,청고추
475,홍고추
475,국물용멸치
475,참기름
474,닭가슴살
474,양상추
474,겨자잎
474,양파
474,당근
474,오이
474,마른고추
474,허니머스터드
474,레몬즙
474,설탕
474,소금
474,청주
474,다진마늘
474,오렌지
473,비트
473,절임무
473,오이
473,게맛살
473,파프리카
473,네모난햄
473,레몬즙
473,계란
473,땅콩버터
473,꿀
473,설탕
473,식초
473,깨소금
473,무순
472,돼지등갈비
472,샐러리
472,양파
472,마늘
472,후춧가루
472,레드와인
472,올리브오일
472,소금
472,바베큐소스
471,부추
471,올리브오일
471,[양념장] 다진파
471,다진마늘
471,통깨
471,식초
471,고춧가루
471,설탕
471,간장
470,팽이버섯
470,식용유
470,청피망
470,홍피망
470,간장
470,표고버섯
470,다진마늘
470,참기름
470,소금
470,후춧가루
470,느타리버섯
470,설탕
469,가지
469,부추
469,다진파
469,다진마늘
469,소금
469,고춧가루
469,액젓
469,설탕
469,다진생강
468,상추
468,미소된장
468,실파
468,가다랑이포
468,두부
468,다시마
467,파스타
467,생크림
467,양파
467,후춧가루
467,다진마늘
467,베이컨
467,우유
467,버터
467,소금
466,멥쌀가루
466,물
466,소금
466,단호박
466,녹두
466,설탕
465,토란탕
465,표고버섯
465,닭고기
465,우엉
465,당근
465,식용유
465,맛술
465,설탕
465,생강즙
465,청주
465,간장
464,시금치나물
464,도라지나물
464,고사리나물
464,고기산적
464,소스
464,깻잎
464,양파
464,오이
464,라이스페이퍼
464,당근
463,소꼬리
463,사골
463,마늘
463,대파
463,밤
463,청양고추
463,대추
462,소금
462,버터
462,샐러드오일
462,통후추
462,대하
462,아스파라거스
462,새송이버섯
462,느타리버섯
462,애호박
462,가지
462,감자
462,마늘
462,타임
462,바질
462,와사비
461,전어
461,무
461,미나리
461,청고추
461,콩가루
461,고춧가루
461,양파
461,고추장
461,다진마늘
461,설탕
461,전어젓갈
461,통깨
461,식초
460,날콩가루
460,밀가루
460,닭
460,소금
460,통파
460,생강
460,오이
460,닭발
459,서리태콩
459,소면
459,참깨
459,오이
459,토마토
459,소금
458,콩
458,깨
458,잣
458,소금
458,식빵
458,버터
458,후춧가루
458,호두
457,우무
457,콩
457,깨
457,소금
457,생수
457,오이
457,잣
456,메주콩
456,녹차국수
456,오이
456,소금
456,물
456,육수
456,방울토마토
455,대파
455,홍고추
455,통깨
455,멸치액젓
455,시금치
455,물
455,소금
455,참기름
454,죽순
454,미나리
454,계란
454,쌀뜨물
454,[초고추장] 고추장
454,설탕
454,식초
454,홍고추
453,전복
453,쌀
453,물
453,김
453,소금
453,깨소금
453,실파
453,참기름
452,쌀
452,새우
452,물
452,참기름
452,소금
451,낙지
451,모시조개
451,배추
451,참기름
451,소금
451,청고추
451,홍고추
451,소금
451,대파
451,다진마늘
450,시금치
450,계란
450,올리브오일
450,소금
450,게맛살
449,돼지갈비
449,다진마늘
449,저민마늘
449,마른고추
449,올리브오일
449,화이트와인
449,물
449,소금
449,후춧가루
449,레몬
448,파프리카
448,찬밥
448,감자
448,호박
448,올리브오일
448,양파
448,당근
448,소금
448,후춧가루
448,피망
447,배
447,양파
447,마늘
447,생강
447,고운소금
447,굵은소금
447,붉은갓
447,삭힌고추
447,물
447,무
446,깻잎
446,밤
446,홍고추
446,청고추
446,다진마늘
446,대추
446,물
446,양파
446,다진생강
446,멸치
446,멸치액젓
446,설탕
446,대파
445,멸치
445,다시마
445,표고버섯
445,애호박
445,청고추
445,홍고추
445,두부
445,순창콩된장
445,고춧가루
445,다진마늘
445,대파
445,참기름
444,근대
444,쇠고기
444,다진마늘
444,멸치
444,고춧가루
444,된장
444,고추장
444,대파
443,고구마
443,시럽
443,튀김기름
443,호박씨
443,건포도
442,메주콩
442,멥쌀
442,엿기름
442,고춧가루
442,소금
442,찹쌀가루
441,소금
441,메주
440,메주콩
440,소금
440,숯
440,마른고추
440,물
439,물
439,설탕
439,양파
439,마늘
439,생강
439,미나리
439,정종
439,열무
439,얼갈이배추
439,굵은소금
439,청고추
439,홍고추
439,쪽파
439,물
439,꽃소금
439,밀가루
438,깻잎
438,간장
438,물
438,들기름
438,청고추
438,홍고추
438,조청
437,쌀국수
437,통계피
437,대파
437,쇠고기
437,청고추
437,피시소스
437,고수잎
437,소금
437,[쇠고기육수] 쇠뼈
437,쇠꼬리
437,양파
437,생강
437,팔각
437,정향
437,숙주
436,우동면
436,양파
436,청고추
436,홍고추
436,간마늘
436,버터
436,숙주
436,굴소스
436,간장
436,맛술
436,간생강
435,수삼
435,크림치즈
435,양상추
435,마요네즈
435,적채
435,치커리
435,"무,래디쉬"
434,햄
434,양파
434,청피망
434,홍피망
434,후춧가루
434,치즈
434,파슬리가루
434,소금
434,밥
433,잔멸치
433,간장
433,설탕
433,밥
433,깨소금
433,치즈
433,식용유
432,새우
432,석이버섯
432,팽이버섯
432,오이
432,당근
432,양상추
432,소금
432,무순
432,배
432,겨자
432,식초
432,설탕
432,부추
431,갈치
431,물엿
431,애호박
431,당근
431,대파
431,양파
431,홍고추
431,청고추
431,굵은고춧가루
431,고운고춧가루
431,설탕
431,다진생강
431,다진마늘
431,정종
431,된장
431,후춧가루
431,소금
431,간장
431,무
430,갈치
430,소금
430,밀가루
430,레몬
430,후춧가루
429,고등어
429,소금
429,애호박
429,당근
429,대파
429,양파
429,홍고추
429,풋고추
429,팽이버섯
429,간장
429,굵은고춧가루
429,고운고춧가루
429,설탕
429,물엿
429,생강
429,마늘
429,정종
429,된장
429,후춧가루
429,무
428,정종
428,청고추
428,마늘
428,참기름
428,깨소금
428,물엿
428,고등어
428,간장
428,굵은고춧가루
428,고운고춧가루
428,대파
428,양파
428,실파
428,홍고추
428,생강
427,애호박
427,고추장
427,도라지
427,숙주
427,시금치
427,고사리
427,상추
427,육회
427,계란후라이
427,다진파
427,다진마늘
427,깨소금
427,후춧가루
427,참기름
427,설탕
427,취나물
426,쇠고기
426,육수
426,당근
426,양파
426,홍고추
426,콩나물
426,애호박
426,팽이버섯
426,쑥갓
426,간장
426,설탕
426,다진파
426,다진마늘
426,고춧가루
426,고추장
426,생강즙
426,깨소금
426,후춧가루
426,낙지
425,무말랭이
425,다진파
425,다진마늘
425,간장
425,설탕
425,깨소금
425,멸치액젓
425,고춧가루
425,고추장
424,쌈다시마
424,오징어
424,게맛살
424,오이
424,파프리카
424,초고추장
424,홍피망
423,고춧가루
423,정종
423,설탕
423,다시물
423,우엉
423,돼지고기
423,간장
423,생강즙
422,상추
422,밥
422,다진쇠고기
422,다진양파
422,간장
422,고추장
422,다진파
422,다진마늘
422,깨소금
422,참기름
422,설탕
421,양파
421,다진쇠고기
421,두부
421,다진파
421,다진마늘
421,홍고추
421,소금
421,참기름
421,후춧가루
421,밀가루
421,계란
421,깨소금
420,봄동
420,영양부추
420,고춧가루
420,까나리액젓
420,깨소금
420,다진마늘
420,다진파
420,다진생강
420,참기름
420,새우젓
419,멸치다시물
419,콩나물
419,다진마늘
419,다진파
419,홍고추
419,국간장
419,소금
419,후춧가루
419,북어
418,통마늘
418,식초
418,설탕
418,식초
418,[절임간장] 진간장
418,설탕
418,멸치
417,대구살
417,계란
417,쑥갓
417,식용유
417,후춧가루
417,밀가루
417,소금
416,마늘
416,배추
416,파슬리
416,양념
416,굴
416,배
416,오이
416,청고추
416,홍고추
416,실파
416,생밤
415,고등어
415,생강
415,피망
415,양파
415,실파
415,마늘
415,육수
415,설탕
415,녹말
415,간장
415,토마토케찹
414,쇠고기
414,양파
414,대파
414,표고버섯
414,다진마늘
414,간장
414,밥
414,설탕
414,소금
414,참기름
414,후춧가루
414,깨소금
414,맛술
413,브로콜리
413,베이컨
413,채소
413,머스타드
413,케첩
412,생대구
412,다시마
412,가쓰오브시
412,미나리
412,청고추
412,홍고추
412,마늘
412,소금
412,팽이버섯
412,두부
411,닭고기
411,마늘
411,대파
411,생강
411,미역
411,밀가루
411,깨소금
411,후춧가루
411,국간장
411,설탕
411,다진파
411,다진마늘
411,소금
410,설탕
410,계핏가루
410,양파
410,만두피
410,식용유
410,물
409,닭
409,간장
409,계란
409,녹말
409,튀김가루
409,마늘
409,참기름
409,마른고추
409,표고버섯
409,피망
409,고춧기름
409,청주
409,육수
409,대파
408,단호박
408,황설탕
408,후춧가루
408,소금
408,버터
407,돼지고기
407,고추장
407,고춧가루
407,간장
407,미림
407,후춧가루
407,다진마늘
407,설탕
407,물엿
407,깨소금
407,참기름
407,다진파
406,녹두
406,쌀
406,설탕
406,소금
406,물
405,꽃게
405,간장
405,물
405,생강
405,마늘
405,청고추
405,설탕
405,채썬마늘
405,채썬생강
405,고춧가루
405,참기름
405,깨소금
405,다진파
404,맛조개
404,새우
404,당근
404,팽이버섯
404,표고버섯
404,미나리
404,곤약
404,다시마
404,가쓰오브시
404,소금
404,청주
404,폰즈소스
404,와사비소스
404,깨소스
404,낙지
403,밀가루
403,쇠고기
403,간장
403,설탕
403,참기름
403,깨소금
403,케첩
403,양파
403,튀김기름
403,계란
403,치자
403,마늘
403,피망
403,후춧가루
402,라면
402,겨자
402,계란
402,꽃상추
402,깻잎
402,치커리
402,양파
402,고추장
402,간장
402,식초
402,설탕
402,깨소금
402,후춧가루
402,마늘
402,쇠고기
401,부추
401,돼지고기
401,양파
401,청고추
401,다진마늘
401,홍고추
401,청정원굴소스
401,소금
401,참기름
401,깨소금
401,식용유
401,다진생강
400,오징어
400,양파
400,홍고추
400,양배추
400,당근
400,고추장
400,참기름
400,간장
400,설탕
400,다진파
400,다진마늘
400,깨소금
400,후춧가루
400,고춧가루
399,김치
399,참치
399,양파
399,대파
399,홍고추
399,청고추
399,두부
399,고춧가루
399,소금
399,참기름
399,팽이버섯
398,바게트
398,훈제연어
398,상추
398,사워크림
398,땅콩버터
398,체리알
398,머스터드
397,가래떡
397,쇠고기
397,마늘
397,브로콜리
397,고추장
397,참기름
397,설탕
397,간장
397,후춧가루
397,깨소금
397,물
397,고춧가루
396,오징어
396,맛술
396,모시조개
396,김치
396,대파
396,홍고추
396,쑥갓
396,다진마늘
396,생강
396,간장
396,고춧가루
396,소금
396,후춧가루
396,청고추
396,양파
396,호박
396,다진파
396,두부
395,어묵
395,양파
395,피망
395,마늘
395,고춧가루
395,김치
395,설탕
395,참기름
395,깨소금
395,식용유
395,간장
394,닭
394,해파리
394,오이
394,홍고추
394,레몬
394,청고추
394,참기름
394,간장
394,설탕
394,꿀
394,소금
394,식초
393,골뱅이
393,표고버섯
393,양파
393,청피망
393,홍피망
393,마늘
393,대파
393,진간장
393,깨소금
393,참기름
393,설탕
393,녹말
392,가지
392,참기름
392,소금
392,간장
392,설탕
392,맛술
392,깨소금
392,머스터드
392,마요네즈
392,설탕
392,밀가루
392,계란
392,빵가루
392,후춧가루
392,돼지고기
391,김치
391,홍합
391,멸치
391,물
391,대파
391,마늘
391,고춧가루
391,소금
391,홍고추
390,마늘
390,대파
390,고추기름
390,간장
390,청주
390,육수
390,녹말
390,참기름
390,홍고추
390,계란
390,다진파
390,소금
390,돼지고기
390,표고버섯
390,피망
390,생강즙
389,참치
389,양파
389,당근
389,오이
389,양상추
389,적채
389,설탕
389,소금
389,머스터드
389,토마토케첩
389,마요네즈
388,조기
388,홍고추
388,감자
388,양파
388,물
388,청고추
388,대파
388,마늘
388,고추장
388,고춧가루
388,참기름
388,생강즙
388,소금
388,후춧가루
388,무
387,밀가루
387,설탕
387,계란
387,실파
387,쇠고기
387,굴
387,홍합
387,조갯살
387,잔새우
387,다진마늘
387,식용유
387,다진파
387,소금
387,후춧가루
387,깨소금
387,참기름
387,고춧가루
387,식초
387,쌀가루
386,표고버섯
386,느타리버섯
386,송이버섯
386,양파
386,감자
386,호박
386,후춧가루
386,쇠고기
386,칼국수
386,국간장
386,고춧가루
386,마늘
386,소금
386,쑥갓
385,다진파
385,우묵
385,오이
385,다시마
385,멸치
385,다진마늘
385,참기름
385,깨소금
385,고춧가루
385,설탕
385,간장
384,흰콩
384,소금
384,간수
384,물
383,밥
383,참기름
383,돼지고기
383,청고추
383,대파
383,다진마늘
383,다진생강
383,두반장
383,고추기름
383,간장
383,맛술
383,녹말물
383,설탕
383,홍고추
383,두부
382,쌀
382,물
382,대추
382,소금
382,은행
382,느타리버섯
382,스위트콘
382,밤
381,오징어
381,돼지고기
381,옥수수통조림
381,양파
381,실파
381,고추장
381,홍고추
381,설탕
381,다진마늘
381,다진생강
381,물엿
381,참기름
381,청고추
381,미림
380,우동면
380,후춧가루
380,핫소스
380,간장
380,청주
380,참기름
380,양배추
380,양파
380,숙주나물
380,표고버섯
380,피망
380,팽이버섯
380,마늘
380,햄
380,죽순
380,대파
380,식용유
380,토마토케첩
380,설탕
380,굴소스
379,돼지고기
379,마늘
379,우유
379,빵가루
379,계란
379,정종
379,샐러리
379,돈까스소스
379,우스터소스
379,토마토케첩
379,버터
379,꿀
379,미림
379,사과
379,양파
379,바나나
379,타바스코
379,겨자
379,밥
379,밀가루
378,오징어
378,바질
378,홍합
378,모시조개
378,동태살
378,꼴뚜기
378,마늘
378,양파
378,당근
378,샐러리
378,스파게티
378,토마토
378,토마토페이스트
378,육수
378,월계수잎
378,소금
378,후춧가루
378,올리브오일
378,파마산치즈
378,새우
377,장어
377,계란
377,소금
377,식용유
377,미림
377,다시마
377,설탕
376,장어
376,초생강
376,산초가루
376,밥
376,장어뼈
376,진간장
376,정종
376,설탕
376,미림
376,장어대리
375,감자
375,참기름
375,부추
375,밀가루
375,물
375,소금
375,식용유
375,깻잎
375,쇠고기
375,두부
375,표고버섯
375,계란
375,간장
375,설탕
375,다진파
375,다진마늘
375,양파
374,해초
374,미역
374,오징어
374,새우
374,간장
374,식용유
374,흰후춧가루
374,양파
374,당근
374,사과
374,마늘
374,레몬
374,식초
373,꽃게
373,청고추
373,맛살조개
373,오징어
373,애호박
373,무
373,팽이버섯
373,홍고추
373,대파
373,고추장
373,고춧가루
373,마늘
373,국간장
373,생강
373,소금
373,후춧가루
373,바지락
372,쇠고기
372,느타리버섯
372,표고버섯
372,팽이버섯
372,계란
372,다시마국물
372,간장
372,설탕
372,미림
372,실파
371,김
371,와사비
371,대파
371,설탕
371,조미술
371,가쓰오브시국물
371,메밀국수
371,진간장
370,쇠고기
370,배추
370,당근
370,무
370,팽이버섯
370,표고버섯
370,쑥갓
370,다시마
370,국물용멸치
370,대파
370,가래떡
370,죽순
370,두부
369,쇠고기스톡
369,토마토페이스트
369,버터
369,당근
369,파슬리가루
369,샐러리
369,피망
369,무
369,양파
368,게살
368,새우
368,두부
368,흰살생선
368,오징어
368,미원
368,육수
368,계란흰자
368,소금
368,정종
368,참기름
368,전분
367,새우
367,참기름
367,계란
367,식용유
367,양파
367,마늘
367,청고추
367,홍고추
367,대파
367,생강
367,간장
367,식초
367,육수
367,후춧가루
367,녹말
366,연어알
366,밥
366,와사비
366,소금
366,식초
366,설탕
366,김
365,미나리
365,팽이버섯
365,계란
365,가쓰오브시국물
365,미림
365,설탕
365,밥
365,쇠고기
365,양파
365,간장
364,콩나물
364,미나리
364,고춧가루
364,다진마늘
364,참기름
364,깨소금
364,다진파
364,소금
363,냉동만두
363,양상추
363,오이
363,양파
363,마요네즈
363,토마토
363,머스터드
363,꿀
363,식초
363,올리브
362,찹쌀가루
362,소금
362,대추
362,물
362,식용유
362,설탕
362,쑥갓
361,무
361,미나리
361,배
361,식초
361,생강
361,소금
361,설탕
361,당근
360,찹쌀
360,팥
360,수수
360,쌀
360,쇠고기
360,김
360,콩
360,간장
360,참기름
360,후춧가루
360,깨소금
360,조
360,미나리
359,게살
359,오이
359,아보카도
359,계란
359,박고지
359,날치알
359,초생강
359,통깨
359,밥
359,식초
359,설탕
359,소금
359,단무지
359,김
358,소금
358,김
358,계란노른자
358,설탕
358,파슬리
358,밥
358,식초
358,오보로
357,페투치네
357,베이컨
357,양파
357,생크림
357,계란노른자
357,오레가노
357,올리브오일
357,소금
357,흰후추
357,바질
357,마늘
356,돼지고기
356,양파
356,당근
356,깻잎
356,대파
356,설탕
356,소금
356,식초
356,통후추
356,양겨자
355,쌀
355,시금치
355,일본된장
355,가쓰오브시
355,쇠고기
355,참기름
355,다시마
354,고구마
354,생크림
354,파슬리가루
354,소금
354,치즈가루
354,모짜렐라치즈
353,두부
353,양배추
353,양파
353,대파
353,홍고추
353,깨소금
353,다진파
353,다진마늘
353,고춧가루
353,간장
353,참기름
353,풋고추
352,고등어
352,무
352,대파
352,다시마국물
352,된장
352,술
352,간장
352,미림
352,설탕
351,식용유
351,참기름
351,깨소금
351,소금
351,무
350,라이스페이퍼
350,소금
350,오징어
350,오이
350,양파
350,표고버섯
350,키위
350,파인애플
350,간장
350,물
350,청고추
350,설탕
350,깨소금
350,다진홍고추
350,당근
350,식초
350,쌀국수
349,스파게티
349,소금
349,오징어
349,새우
349,양파
349,샐러리
349,양송이
349,다진마늘
349,홀토마토
349,버터
349,밀가루
349,오레가노
349,올리브오일
349,파마산치즈
349,토마토
349,후춧가루
349,홍합
348,단호박
348,계란
348,식용유
348,튀김가루
348,밀가루
347,파래
347,당근
347,간장
347,설탕
347,식초
347,참기름
347,깨소금
346,쇠고기
346,당근
346,감자
346,오이
346,밀가루
346,레드와인
346,육수
346,우스터소스
346,토마토페스트
346,소금
346,후춧가루
346,버터
345,소금
345,참기름
345,칼국수
345,다시마
345,새우
345,간장
345,호박
345,감자
345,대파
345,청고추
345,바지락
344,무
344,고춧가루
344,식초
344,설탕
344,깨소금
344,참기름
344,다진파
344,다진마늘
344,소금
343,오징어
343,소금
343,다진파
343,다진마늘
343,다진생강
343,고춧가루
342,꽁치
342,소금
342,간장
342,레몬
342,와사비
341,호박
341,양파
341,두부
341,소금
341,홍고추
341,된장
341,국멸치
341,대파
340,상추
340,들깻잎
340,쑥갓
340,케일
340,깨소금
340,설탕
340,식초
340,조림간장
340,참기름
340,고춧가루
339,찹쌀
339,콩
339,소금
338,밥
338,보리
338,콩나물
338,소금
338,당근
338,다진쇠고기
338,오이
337,당근
337,옥수수통조림
337,다진파
337,소금
337,청정원맛선생
337,설탕
337,계란
337,시금치
337,물
337,후춧가루
336,닭살
336,닭육수
336,죽순
336,당근
336,실파
336,녹말
336,표고버섯
336,소금
336,후춧가루
336,참기름
336,계란
335,바게트
335,파슬리가루
335,마늘
335,버터
334,감자
334,양파
334,대파
334,버터
334,후춧가루
334,계란노른자
334,생크림
334,소금
334,육수
333,닭다리
333,대파
333,생강
333,맛술
333,물
333,후춧가루
333,중국부추
333,당근
333,간장
333,소금
333,소면
332,김
332,오징어
332,무
332,고춧가루
332,설탕
332,밥
332,까나리액젓
332,참기름
332,깨소금
332,다진파
332,다진마늘
332,식초
331,고추
331,찹쌀가루
331,설탕
331,소금
331,식용유
330,쇠고기
330,찹쌀가루
330,간장
330,후춧가루
330,설탕
330,기름
330,겨자
330,식초
330,참기름
329,미림
329,대구
329,무
329,콩나물
329,홍고추
329,후춧가루
329,미나리
329,팽이버섯
329,고춧가루
329,고추장
329,소금
329,청고추
328,완두콩
328,옥수수
328,당근
328,감자
328,껍질콩
328,참기름
328,간장
328,굴소스
328,식용유
328,소금
328,후춧가루
328,다진마늘
327,밥
327,오징어
327,양파
327,피망
327,실파
327,식용유
327,후춧가루
327,고추장
327,두반장
327,설탕
327,깨소금
327,소금
327,물
326,미역
326,홍합
326,소금
326,후춧가루
326,간장
326,물
326,참기름
325,찹쌀
325,양송이버섯
325,호박
325,실파
325,당근
325,소금
325,양파
325,참기름
325,물
325,깨소금
325,깻잎
324,청피망
324,파
324,다진마늘
324,고춧가루
324,간장
324,홍피망
324,애호박
324,식용유
324,참기름
324,깨소금
324,참기름
324,새우젓국
323,도라지
323,오이
323,오징어
323,고추장
323,고춧가루
323,소금
323,식초
323,물엿
323,참기름
323,깨소금
323,간장
322,칼국수
322,바지락
322,양파
322,애호박
322,후춧가루
322,맛술
322,청장
322,소금
322,다진마늘
321,오징어채
321,고추장
321,설탕
321,참기름
321,식용유
321,물엿
321,술
320,김치
320,밥
320,감자
320,양파
320,계란
320,식용유
320,소금
320,후춧가루
320,햄
319,닭봉
319,도라지
319,대파
319,마늘
319,생강
319,고춧가루
319,후춧가루
319,다진마늘
319,생강즙
319,간장
319,참기름
319,소금
319,고사리
319,닭육수
318,파스타
318,표고버섯
318,느타리버섯
318,양송이버섯
318,올리브오일
318,파
318,화이트와인
318,간장
318,다진마늘
317,설탕
317,소금
317,후춧가루
317,쌀국수
317,돼지고기
317,간장
317,청고추
317,대파
317,마늘
317,생강
317,굴소스
317,숙주나물
316,돼지고기
316,부추
316,대파
316,생강
316,밀가루
316,소금
316,참기름
316,후춧가루
316,간장
315,쇠고기
315,새송이버섯
315,진간장
315,설탕
315,다진파
315,소금
315,깨소금
315,후춧가루
315,참기름
315,잣가루
315,다진마늘
314,닭안심
314,표고버섯
314,느타리버섯
314,팽이버섯
314,당근
314,청고추
314,계란노른자
314,간장
314,설탕
314,청주
314,소금
314,후춧가루
314,계란
313,쇠고기
313,무순
313,양배추
313,당근
313,맛술
313,물
313,설탕
313,고추냉이
313,간장
313,식초
313,간장
312,밀가루
312,찹쌀가루
312,계란
312,식용유
312,부추
312,청고추
312,오징어
312,물
311,다진마늘
311,쌀뜨물
311,홍고추
311,청국장
311,팽이버섯
311,청고추
311,양송이버섯
311,느타리버섯
311,호박
311,두부
311,대파
311,표고버섯
310,가지
310,쇠고기
310,청고추
310,홍고추
310,대파
310,참기름
310,간장
310,청주
310,소금
310,설탕
310,깨소금
310,다진마늘
309,바지락
309,다진마늘
309,대파
309,식용유
309,청고추
309,두반장
309,설탕
309,마른고추
308,쇠고기
308,녹말
308,해삼
308,표고버섯
308,죽순
308,부추
308,완두콩
308,대파
308,마늘
308,생강
308,간장
308,굴소스
308,청주
308,후춧가루
308,참기름
308,식용유
308,물
308,새우
307,고등어
307,배추김치
307,물
307,파
307,설탕
307,다진생강
307,진간장
307,고춧가루
307,다진마늘
306,라면
306,떡
306,어묵
306,고춧가루
306,마늘
306,고추장
306,설탕
306,대파
305,아욱
305,쌀뜨물
305,된장
305,후춧가루
305,멸치
305,대파
305,마늘
305,모시조개
304,쌀국수
304,다진파
304,양파
304,새우
304,상추
304,레몬
304,육수
304,간장
304,식초
304,설탕
304,실파
304,다진고추
304,소금
304,후추
304,다진마늘
304,쇠고기
303,깻잎
303,소금
303,된장
302,강력분
302,설탕
302,소금
302,쑥
302,버터
302,계란
302,물
302,이스트
301,밥
301,참기름
301,양파
301,쇠고기
301,느타리버섯
301,팽이버섯
301,목이버섯
301,당근
301,실파
301,햇살담은간장
301,소금
301,후춧가루
301,참기름
301,깨소금
301,간장
301,설탕
301,다진파
301,다진마늘
301,당면
300,다시마
300,맛살
300,당근
300,청고추
300,실파
300,식용유
300,생강즙
300,청주
300,소금
300,후춧가루
300,참기름
300,마늘
299,밥
299,열무김치
299,쇠고기
299,간장
299,설탕
299,다진파
299,열무김치
299,참기름
299,고추장
299,설탕
299,마늘
299,참기름
299,다진마늘
298,베이컨
298,샐러리
298,프랑크소시지
298,게맛살
298,팽이버섯
298,레몬즙
298,흰떡
298,마요네즈
298,머스터드
298,간장
298,피망
297,닭
297,고구마
297,양배추
297,양파
297,흰떡
297,깻잎
297,참기름
297,고춧가루
297,설탕
297,간장
297,깨소금
297,생강즙
297,고추장
296,순대
296,양배추
296,양파
296,깻잎
296,쫄면
296,식용유
296,간장
296,설탕
296,들깻가루
296,다진마늘
296,고춧가루
295,닭
295,파인애플
295,브로콜리
295,당근
295,설탕
295,청주
295,숙주
295,밥
295,청피망
295,계란
295,간장
295,참기름
295,식용유
295,물
294,코다리
294,양파
294,청고추
294,간장
294,설탕
294,물
294,다진마늘
294,참기름
294,후춧가루
294,깨소금
294,다진파
293,감자
293,양파
293,소금
293,크림수프
293,모짜렐라치즈
293,베이컨
292,[멸치장국] 국멸치
292,참기름
292,당근
292,채썬쇠고기
292,계란
292,소면
292,소금
292,후춧가루
292,국간장
292,간장
292,고춧가루
292,다진파
292,참기름
292,깨소금
292,[불고기양념] 간장
292,설탕
292,호박
291,밥
291,소금
291,참기름
291,김칫잎
291,다진파
291,조미료
291,설탕
290,토마토
290,식용유
290,간장
290,설탕
290,조미술
290,후춧가루
290,양파
290,케첩
290,핫소스
290,춘권피
290,쇠고기
290,깻잎
290,무순
290,토마토
289,가래떡
289,다진마늘
289,당근
289,청피망
289,채썬쇠고기
289,간장
289,설탕
289,참기름
289,후춧가루
289,[쇠고기양념] 간장
289,설탕
289,참기름
289,표고버섯
289,후춧가루
289,양파
288,돼지고기
288,모짜렐라치즈
288,청피망
288,밀가루
288,계란
288,빵가루
288,소금
288,생강즙
287,꽁치통조림
287,김치
287,다진마늘
287,다진대파
287,물
287,고춧가루
287,간장
287,설탕
287,참기름
286,밥
286,옥수수통조림
286,피망
286,후춧가루
286,양파
286,당근
286,소금
286,햄
285,오징어
285,후춧가루
285,가래떡
285,피망
285,고추장
285,설탕
285,식초
285,케첩
285,간장
285,고춧가루
285,다진마늘
285,다진파
285,핫소스
285,참기름
285,새우
284,우유
284,생크림
284,소금
284,밀가루
284,브로콜리
284,버터
284,후춧가루
283,양상추
283,오이피클
283,무순
283,체리
283,땅콩버터
283,훈제연어
282,두부
282,계란
282,모시조개
282,새우
282,간장
282,다시물
282,은행
282,조미술
282,소금
282,표고버섯
281,밥
281,다진마늘
281,오이
281,대파
281,도라지
281,고사리
281,당근
281,간장
281,식초
281,고춧가루
281,설탕
281,참기름
281,소금
281,다진파
281,상추
280,풋마늘
280,갑오징어
280,간장
280,다진파
280,다진마늘
280,꼬치
280,깨소금
280,생강즙
280,밀가루
280,물
280,참기름
279,돼지고기
279,표고버섯
279,양파
279,피망
279,청고추
279,대파
279,조미술
279,생강
279,녹말
279,소금
279,굴소스
279,후춧가루
279,마늘
278,밀가루
278,식용유
278,녹말
278,간장
278,다진파
278,다진마늘
278,후춧가루
278,참기름
278,소금
278,육수
278,팽이버섯
278,쑥갓
278,쇠고기
278,배추
278,부추
278,물
277,아스파라거스
277,새우
277,샐러리
277,참기름
277,소금
277,후춧가루
277,미림
276,닭
276,당근
276,완두콩통조림
276,옥수수통조림
276,설탕
276,버터
276,토마토케첩
276,우스터소스
276,식용유
275,해파리
275,참기름
275,쭈꾸미
275,오이
275,당근
275,홍피망
275,계란
275,겨자
275,머스터드
275,마늘
275,식초
275,설탕
275,간장
275,소금
275,새우
274,호박
274,두부
274,새우젓
274,파
274,참기름
274,다진마늘
274,물
274,식용유
274,소금
274,청고추
273,신김치
273,두부
273,돼지고기
273,소금
273,깻잎
273,대파
273,생강
273,청고추
272,후춧가루
272,고춧가루
272,파
272,육수
272,밥
272,닭
272,소금
272,오이
272,김치
272,마늘
272,다진마늘
272,실파
272,콩나물
271,오징어
271,마늘
271,대파
271,고추장
271,고춧가루
271,간장
271,물엿
271,양파즙
271,생강즙
271,다진파
271,다진마늘
271,깨소금
271,후춧가루
271,참기름
270,참나물
270,고추장
270,참기름
270,다진파
270,깨소금
270,다진마늘
269,숙주
269,미나리
269,다진파
269,참기름
269,깨소금
269,실고추
269,다진마늘
268,두릅
268,된장
268,다진파
268,다진마늘
268,설탕
268,참기름
268,실고추
268,소금
268,깨소금
267,달래
267,마늘
267,생강
267,통깨
267,진간장
267,설탕
267,고춧가루
266,달래
266,굴
266,청고추
266,홍고추
266,밀가루
266,실파
266,물
266,간장
266,식초
266,다진마늘
266,깨소금
266,계란
265,깨소금
265,다진마늘
265,다진생강
265,고들빼기
265,실파
265,대추
265,갓
265,고춧가루
265,멸치액젓
265,설탕
265,밤
265,고추
264,밀가루
264,시금치즙
264,당근즙
264,김
264,멸치
264,다시마
264,청정원맛선생
264,호박
264,양파
264,대파
264,다진마늘
264,소금
264,진간장
264,감자
263,불린미역
263,유부
263,두부
263,실파
263,물
263,된장
263,미림
263,다시마
263,멸치
262,참치
262,랩
262,계란노른자
262,파슬리
262,당근
262,김
262,게맛살
262,오이
262,밥
262,맛소금
262,단무지
262,매실장아찌
262,깨소금
262,후춧가루
262,실파
261,밀가루
261,참기름
261,소금
261,조청
261,물
261,청주
261,설탕
261,검은깨
261,생강즙
260,소금
260,땅콩가루
260,식초
260,간장
260,겨자
260,황설탕
260,오이
260,참기름
260,두부
260,쇠고기
260,양배추
260,당근
260,소금
259,가래떡
259,쇠고기
259,신김치
259,양파
259,통깨
259,당근
259,참기름
259,깨소금
259,소금
259,피망
258,콩나물
258,도라지
258,시금치
258,고사리
258,간장
258,다진파
258,물
258,식용유
258,깨소금
258,참기름
258,소금
258,들깻가루
258,다진마늘
257,쌀
257,밤
257,고구마
257,은행
257,대추
257,깨소금
257,참기름
257,간장
257,다시물
257,다진파
257,다진마늘
257,다시물
256,닭다리
256,토마토케첩
256,간장
256,녹말
256,식용유
256,마른고추
256,마늘
256,생강
256,실파
256,굴소스
256,간장
256,식초
256,맛술
256,설탕
256,오이
255,어묵
255,계란
255,멸치
255,다시마
255,무
255,청주
255,물
255,겨자가루
255,소금
255,간장
254,밥
254,피쉬소스
254,쇠고기
254,양파
254,느타리버섯
254,당근
254,멸칫국물
254,간장
254,실파
254,다진마늘
254,녹말
254,깨소금
254,참기름
254,소금
254,후춧가루
254,콩나물
253,오징어
253,참기름
253,녹말
253,밀가루
253,물
253,소금
253,옥수수
253,완두콩
253,당근
253,양파
253,표고버섯
253,육수
253,설탕
253,식초
253,간장
253,조미술
253,계란
252,소면
252,김치
252,오이
252,양배추
252,깻잎
252,사이다
252,상추
252,고추장
252,식초
252,설탕
252,청고추
251,바게트
251,모짜렐라치즈
251,신김치
251,베이컨
251,당근
251,식용유
251,양송이
251,파슬리가루
251,소금
251,후춧가루
251,피망
250,간장
250,다진파
250,고춧가루
250,다진마늘
250,깨소금
250,참기름
250,유부
250,후춧가루
250,쇠고기
250,콩나물
250,미나리
250,당근
250,밥
249,잔멸치
249,다진마늘
249,된장
249,맛술
249,밥
249,설탕
249,식용유
249,상추
249,깨소금
249,간장
248,쇠고기
248,참기름
248,표고버섯
248,무
248,팽이버섯
248,미나리
248,대파
248,홍고추
248,양파
248,물
248,소금
248,다진파
248,간장
248,다진마늘
248,설탕
248,깨소금
248,낙지
247,팥
247,설탕
247,대추
247,인절미
247,소금
247,물
246,찬밥
246,참치
246,양파
246,당근
246,실파
246,후춧가루
246,계란
246,밀가루
246,식용유
246,소금
246,청고추
245,사골
245,쇠고기
245,우거지
245,고춧가루
245,홍고추
245,된장
245,다진마늘
245,대파
244,석이버섯
244,통깨
244,생굴
244,낙지
244,액체육젓
244,소금
244,설탕
244,배추
244,무
244,미나리
244,갓
244,실파
244,배
244,마늘
244,생강
244,밤
244,은행
244,고춧가루
243,배추
243,물
243,갓
243,미나리
243,실파
243,배
243,고추가루
243,액체육젓
243,마늘
243,생강
243,설탕
243,소금
243,통깨
243,[절임용 소금물] 소금
243,밤
242,돼지고기
242,식초
242,고춧가루
242,간장
242,맛술
242,생강즙
242,설탕
242,다진마늘
242,다진파
242,깨소금
242,후춧가루
242,참기름
242,된장
242,고추장
242,다진마늘
242,다진파
242,고추장
241,가래떡
241,양파
241,대파
241,피망
241,비엔나소시지
241,고추장
241,간장
241,물
241,설탕
241,물엿
240,다진파
240,맛술
240,후춧가루
240,참기름
240,깨소금
240,식용유
240,감자
240,당근
240,무
240,고춧가루
240,고추장
240,갈비
240,양파
240,생강즙
240,홍고추
240,간장
240,설탕
240,다진마늘
239,홍합
239,대파
239,홍고추
239,물
239,다진마늘
239,소금
239,실파
238,김치
238,참기름
238,다진쇠고기
238,오이
238,당근
238,단무지
238,미나리
238,새우
238,청주
238,간장
238,설탕
238,다진마늘
238,다진파
238,후춧가루
238,밥
237,두부
237,참기름
237,느타리버섯
237,표고버섯
237,팽이버섯
237,김치
237,양파
237,청고추
237,대파
237,고춧가루
237,간장
237,다진양파
237,다진파
237,다진마늘
237,물
237,깨소금
237,후춧가루
237,돼지고기
236,두부
236,굴
236,양송이버섯
236,마늘
236,새우젓
236,청고추
236,홍고추
236,소금
236,실파
235,멸치다시물
235,대파
235,후춧가루
235,진간장
235,고춧가루
235,다진마늘
235,양파즙
235,무즙
235,생태
235,바지락
235,무
235,호박
235,두부
235,팽이버섯
235,미나리
235,청고추
235,홍고추
235,소금
234,식용유
234,마른고추
234,파
234,고춧가루
234,다진마늘
234,생강
233,닭
233,콘플레이크
233,카레가루
233,계란
233,소금
233,후춧가루
233,올리브오일
233,다진마늘
233,다진양파
233,토마토케첩
233,간장
233,식초
233,고춧가루
232,가지
232,고춧가루
232,밀가루
232,다진파
232,다진마늘
232,소금
232,후춧가루
232,참기름
232,물
232,멸치
232,양파
232,청고추
232,홍고추
232,된장
232,돼지고기
231,홍차티백
231,물
231,계란
231,양파
231,물엿
231,간장
231,소금
231,설탕
231,마늘
230,두부
230,치즈
230,방울토마토
230,식용유
230,치커리
230,마요네즈
230,소금
230,토마토케첩
229,소금
229,후춧가루
229,두부
229,다진쇠고기
229,파슬리
228,밥
228,다진마늘
228,오징어
228,양파
228,당근
228,실파
228,계란
228,밀가루
228,소금
228,후춧가루
228,깨소금
228,참기름
228,간장
228,식초
228,다진파
228,새우
227,만두피
227,후춧가루
227,두부
227,숙주
227,김치
227,양파
227,미나리
227,느타리버섯
227,표고버섯
227,대파
227,육수
227,고춧가루
227,진간장
227,다진파
227,다진마늘
227,생강
227,돼기고기
226,참치
226,물
226,광어
226,피조개
226,갑오징어
226,계란
226,청어알
226,연어알
226,무순
226,전복
226,김
226,생강
226,초밥
226,와사비
226,새우
225,코다리
225,실파
225,고추장
225,간장
225,후춧가루
225,다진파
225,다진마늘
225,다진생강
225,참기름
225,설탕
224,소금
224,참기름
224,홍고추
224,표고버섯
224,돼지고기
224,부추
224,양파
224,당근
224,배춧잎
224,간장
224,양파즙
224,다진파
224,다진마늘
224,생강즙
224,후춧가루
224,깨소금
224,청고추
223,밥
223,참기름
223,오징어
223,조개살
223,홍합
223,양파
223,당근
223,호박
223,대파
223,목이버섯
223,고추가루
223,간장
223,다진마늘
223,생강
223,소금
223,후춧가루
223,돼기고기
222,오징어
222,고추장
222,깨소금
222,설탕
222,식초
221,오곡곡물
221,상추
221,깻잎
221,치커리
221,참기름
221,된장
221,깨소금
221,양파
221,청고추
221,홍고추
221,대파
221,마늘
221,멸치
221,고추장
220,청고추
220,양파
220,멸치
220,다시마
220,다진마늘
220,밀가루
220,계란
220,식용유
220,물
220,소금
220,간장
220,다진파
220,깨소금
220,고춧가루
220,참기름
220,김치
220,감자
220,대파
219,감자
219,밀가루
219,계란노른자
219,사우어크라우트
219,소금
219,버터
219,넛맥
219,양파
219,베이컨
219,파슬리
219,후춧가루
218,사골
218,쇠고기
218,물
218,무
218,대파
218,다진마늘
218,생강
218,후춧가루
218,소금
218,진간장
218,다진파
218,마늘
217,포도
217,딸기
217,사과
217,설탕
216,계란
216,두부
216,청피망
216,당근
216,후춧가루
216,홍피망
216,소금
216,토마토케첩
216,우유
215,갑오징어
215,피망
215,고추장
215,설탕
215,참기름
215,다진파
215,생강즙
215,꼬치
215,깨소금
215,다진마늘
214,쇠고기
214,가래떡
214,꽃상추
214,피망
214,간장
214,참기름
214,다진파
214,다진마늘
214,후춧가루
214,깨소금
214,설탕
213,후춧가루
213,토마토케첩
213,맛술
213,고추장
213,돼지고기
213,마늘
213,모짜렐라치즈
213,양파
213,표고버섯
213,피망
213,올리브오일
213,소금
212,밀가루
212,육수
212,소금
212,물
212,간장
212,고춧가루
212,깨소금
212,참기름
212,다진홍고추
212,다진풋고추
212,다진마늘
212,다진파
212,후춧가루
212,감자
212,호박
212,소금
212,녹차분말
211,닭
211,계란
211,대파
211,홍고추
211,간장
211,참기름
211,꼬치
211,생강즙
211,청주
211,다시물
211,설탕
210,우유
210,식초
210,간장
210,다진양파
210,참기름
210,다진홍고추
210,다진청고추
209,돼지고기
209,깻잎
209,소금
209,식용유
209,밀가루
209,계란
209,후춧가루
209,생강즙
208,닭
208,대파
208,마늘
208,생강
208,물
208,도라지
208,참기름
208,미나리
208,밀가루
208,계란
208,쇠고기
208,소금
208,말린표고버섯
207,양상추
207,물
207,부추
207,고구마
207,찹쌀가루
207,밀가루
207,얼음물
207,계란
207,다진마늘
207,설탕
207,간장
207,참기름
207,후춧가루
207,식용유
207,고추장
207,토마토케첩
207,물엿
207,말린표고버섯
206,게
206,고춧가루
206,오징어
206,모시조개
206,양파
206,풋고추
206,홍고추
206,미나리
206,쑥갓
206,무
206,다진마늘
206,대파
206,생강즙
206,소금
206,대하
205,스파게티
205,설탕
205,양송이버섯
205,소금
205,식용유
205,흰후춧가루
205,고추장
205,양파
205,호두
205,물
205,토마토케첩
205,식용유
205,다진마늘
205,김치
205,호박
204,양
204,곱창
204,고사리
204,대파
204,소금
204,물
204,쇠고기
204,고춧가루
204,진간장
204,다진마늘
204,참기름
204,깨소금
204,후춧가루
204,고추장
203,마늘
203,무
203,물
203,홍고추
203,소금
203,명란
203,두부
203,생강즙
203,대파
203,진간장
202,쇠고기
202,무
202,물
202,대파
202,마늘
202,실파
202,소금
202,진간장
202,다진파
202,다진마늘
202,참기름
202,후춧가루
202,국간장
201,생선살
201,새우살
201,김치
201,풋고추
201,홍고추
201,식용유
201,밀가루
201,녹말
201,소금
201,후춧가루
201,깻잎
201,계란
200,청고추
200,물
200,간장
200,설탕
200,소금
200,생강
199,불린쌀
199,잣
199,소금
199,대추
199,물
198,통후추
198,생새우
198,콘프레이크
198,계란흰자
198,생크림
198,당근
198,호박
198,죽순
198,만두피
198,소금
197,왜된장
197,맛국물
197,실파
197,미역
197,두부
196,모시조개
196,죽순
196,소금
196,레몬
196,대파
195,어묵
195,대파
195,홍고추
195,청주
195,다시물
195,간장
195,맛술
195,소금
194,밥
194,계란
194,말린 표고버섯
194,당근
194,미나리
194,다시마
194,식용유
194,오이
194,식초
194,설탕
194,소금
194,소금
193,찹쌀
193,멥쌀
193,팥
193,대추
193,소금
193,밤
193,팥삶은물
192,김치잎
192,깨소금
192,양배추
192,근대잎
192,밥
192,쇠고기
192,소금
192,후춧가루
192,식용유
192,간장
192,다진파
192,설탕
192,마늘
192,참기름
192,깻잎
191,시금치
191,말린새우
191,소금
191,된장
191,다진마늘
191,물
190,멥쌀
190,찹쌀
190,밤
190,물
190,대추
190,잣
190,송이버섯
190,은행
189,오이
189,양파
189,홍고추
189,정향
189,통후추
189,월계수잎
189,통계피
189,통생강
189,소금
189,물
189,식초
189,설탕
189,당근
189,[절임용 소금물] 소금
189,물
188,오징어
188,쇠고기
188,풋고추
188,홍고추
188,대파
188,참기름
188,간장
188,후춧가루
188,고추장
188,고춧가루
188,마늘
188,물
187,양배추
187,모시조개
187,된장
187,멸치
187,실파
187,물
187,다시마
187,다진마늘
186,찬밥
186,옥수수
186,소금
186,식용유
186,녹말가루
186,물
186,설탕
186,계란
185,피망
185,계란
185,다진마늘
185,밀가루
185,소금
185,당근
185,참빛고운포도씨유
185,김치
185,감자
185,두부
185,후춧가루
184,봄동
184,바지락
184,홍고추
184,실파
184,식용유
184,후춧가루
184,청주
184,물
184,굴소스
184,소금
184,다진마늘
183,닭고기
183,명란젓
183,마요네즈
183,김
183,계란
183,당근
183,식용유
183,소금
183,후춧가루
183,녹말가루
183,밀가루
183,빵가루
183,대파
182,쑥
182,표고버섯
182,양송이
182,다진마늘
182,느타리버섯
182,설탕
182,소금
182,후춧가루
182,식용유
182,간장
181,달래
181,두부
181,말린표고버섯
181,홍고추
181,청양고추
181,바지락
181,대파
181,된장
181,육수용멸치
181,물
181,다진마늘
180,치커리
180,케일
180,겨자잎
180,참기름
180,밥
180,소금
180,흑임자
180,건새우가루
180,된장
180,고추장
180,청고추
180,홍고추
180,설탕
180,참기름
180,다진마늘
180,청경채
179,쌀
179,물
179,콩나물
179,돼지고기
179,참기름
179,다진풋고추
179,취나물
179,진간장
179,다진파
179,다진마늘
179,깨소금
179,무
178,찹쌀
178,팥
178,소금
178,밤
178,대추
177,떡국떡
177,다시마
177,다진마늘
177,물
177,계란
177,소금
177,대파
177,말린표고버섯
177,간장
176,오징어
176,당근
176,새우
176,조개살
176,양파
176,청피망
176,홍피망
176,당면
176,간장
176,설탕
176,참기름
176,식용유
176,소금
176,굴소스
176,낙지
175,다진쇠고기
175,참기름
175,무
175,당근
175,밤
175,소금
175,후춧가루
175,깨소금
175,참기름
175,물
175,간장
175,설탕
175,다진파
175,다진마늘
175,깨소금
175,두부
174,물
174,다시마
174,무
174,국간장
174,소금
174,실파
174,두부
174,다진쇠고기
174,소금
174,후춧가루
174,후춧가루
173,찹쌀
173,멥쌀
173,밀가루
173,팥
173,소금
173,물
172,닭고기
172,물
172,후춧가루
172,정종
172,감자전분
172,계란
172,대파
172,홍고추
172,청고추
172,생강
172,마늘
172,간장
172,설탕
172,식초
172,소금
171,생강
171,통계피
171,물
171,잣
171,곶감
171,호두
171,황설탕
170,멥쌀
170,참기름
170,쑥
170,소금
169,가래떡
169,쇠고기 육수
169,대파
169,쇠고기
169,계란
169,소금
169,후춧가루
169,설탕
169,다진파
169,다진마늘
169,깨소금
169,참기름
169,간장
168,어묵
168,닭고기
168,표고버섯
168,오이
168,물
168,후춧가루
168,녹말
168,간장
168,청주
168,소금
167,참기름
167,깨소금
167,설탕
167,소금
167,다진마늘
167,들기름
167,국간장
167,다진파
167,고구마줄기
166,밀가루
166,버터
166,물
166,삶은팥
166,소금
166,슈가파우더
166,설탕
166,계란
166,아몬드가루
165,팥
165,쌀
165,물
165,찬물
165,찹쌀
165,쌀가루
165,소금
164,찬밥
164,양파
164,당근
164,실파
164,식용유
164,계란
164,소금
164,후춧가루
164,날콩가루
164,두부
163,가래떡
163,고추장
163,간장
163,다진마늘
163,토마토케첩
163,브로콜리
163,참기름
163,적파프리카
163,꼬치
163,황파프리카
163,설탕
162,누룽지
162,물
162,죽순
162,새우
162,완두콩
162,홍고추
162,마늘
162,소금
162,식용유
162,새우
162,설탕
162,간장
162,식초
162,녹말
162,표고버섯
161,간장
161,후춧가루
161,깨소금
161,통깨
161,깻잎
161,다진파슬리
161,샐러리
161,오징어
161,쇠고기
161,표고버섯
161,당근
161,두부
161,당면
161,피망
161,양상추
161,설탕
161,다진파
161,다진마늘
161,참기름
161,식초
160,닭
160,식용유
160,간장
160,청주
160,식용유
160,소금
160,생강즙
160,다진파
160,후춧가루
160,녹말가루
160,튀김가루
160,다진마늘
159,배추김치
159,식용유
159,죽순
159,양송이버섯
159,피망
159,마른고추
159,대파
159,마늘
159,생강
159,청주
159,소금
159,후추
159,참기름
159,간장
159,돼지고기
158,고추장
158,양파
158,마늘
158,된장
158,고춧가루
158,참기름
158,파
157,느타리버섯
157,쇠고기
157,배
157,오이
157,당근
157,소금
157,후춧가루
157,참기름
157,통깨
157,간장
157,꿀
157,[쇠고기양념] 다진파
157,다진마늘
157,참기름
157,식용유
157,설탕
157,간장
157,당면
157,양파
156,고등어
156,무
156,대파
156,간장
156,고추장
156,고춧가루
156,물
156,청주
156,다진파
156,다진마늘
156,생강즙
156,후춧가루
156,실고추
156,설탕
155,쇠고기
155,후춧가루
155,팽이버섯
155,실파
155,홍고추
155,물
155,국간장
155,소금
155,간장
155,설탕
155,다진파
155,다진마늘
155,참기름
155,깨소금
155,목이버섯
154,토란
154,쇠고기
154,다시마
154,무
154,소금
154,국간장
154,다진마늘
154,후춧가루
154,참기름
154,대파
153,쇠고기(힘줄없는부위)
153,표고버섯
153,도라지
153,당근
153,오이
153,식용유/소금/참기름/잣가루
153,후추
153,설탕
153,다진파
153,다진마늘
153,깨소금
153,참기름
153,진간장
152,석이버섯
152,느타리버섯
152,실고추
152,간장
152,다진파
152,다진마늘
152,참기름
152,깨소금
152,후춧가루
152,포도씨유
152,녹두
152,물
152,소금
152,돼지고기
152,숙주
152,대파
151,멥쌀
151,소금
151,쑥
151,대추
151,솔잎
151,참기름
151,계핏가루
151,소금
151,깨
151,녹두
151,꿀
151,설탕
151,물
151,풋콩
150,배추
150,무
150,쇠고기
150,물
150,대파
150,식용유
150,후춧가루
150,된장
150,소금
150,다진파
150,다진마늘
150,참기름
150,깨소금
150,고추장
149,돼지고기
149,소금
149,생강즙
149,붉은 고추
149,꼬치
149,찹쌀가루
149,후추
149,식용유
149,무순
148,강력분
148,드라이이스트
148,설탕
148,소금
148,계란
148,검은깨
148,버터
148,오렌지마멀레이드
148,건포도
148,계란노른자
148,우유
148,우유
147,깻잎
147,찹쌀가루
147,참기름
147,통후추
147,소금
147,고춧가루
147,대파
147,진간장
147,설탕
147,아귀
147,미더덕
147,콩나물
147,미나리
147,고추장
146,곱창
146,밀가루
146,대파
146,마늘
146,생강
146,물
146,당근
146,양배추
146,양파
146,표고버섯
146,미나리
146,우동면
146,쑥갓
146,소금
146,후추
146,고춧가루
146,고추장
146,간장
146,다진파
146,양
145,햄
145,다진마늘
145,베이컨
145,김치
145,두부
145,홍고추
145,청고추
145,깻잎
145,스파게티
145,쑥갓
145,양송이버섯
145,물
145,고춧가루
145,고추장
145,설탕
145,다진파
145,프랑크소시지
144,감자
144,당근
144,양파
144,샐러리
144,양송이버섯
144,후춧가루
144,물
144,월계수잎
144,버터
144,소금
144,홀토마토
143,시금치
143,양송이버섯
143,베이컨
143,파마산치즈치즈
143,후춧가루
143,레몬주스
143,올리브오일
143,소금
143,레몬드레싱
142,다진양파
142,올리브오일
142,훈제연어
142,케이퍼
142,트레비스
142,양파
142,앤다이브
141,사과
141,자몽
141,오렌지마요네즈
141,오이
141,딸기
141,샐러리
140,컬리플라워
140,오징어
140,소금
140,마요네즈
140,머스터드
140,새우
139,양상추
139,소금
139,수삼
139,배
139,밤
139,대추
139,오이
139,머스터드
139,마요네즈
139,설탕
139,후춧가루
139,레몬즙
139,설탕
139,요리술
139,닭고기
138,밥
138,다진마늘
138,느타리버섯
138,표고버섯
138,양송이버섯
138,목이버섯
138,팽이버섯
138,양파
138,당근
138,미나리
138,간장
138,들깨
138,육수
138,녹말
138,참기름
138,후춧가루
138,간장
138,설탕
138,청주
138,쇠고기
137,식빵
137,쇠고기
137,양상추
137,토마토
137,후춧가루
137,슬라이스치즈
137,버터
137,겨자
137,소금
137,피클
136,후루츠칵테일
136,은박컵
136,감자
136,파슬리가루
136,우유
136,설탕
136,계핏가루
136,버터
135,유부
135,계란
135,물
135,간장
135,맛살
135,설탕
135,소금
135,후춧가루
135,실파
135,소금
134,밥
134,청피망
134,당근
134,식용유
134,소금
134,간장
134,설탕
134,다진파
134,다진마늘
134,참기름
134,후춧가루
134,상추
134,깨소금
134,파슬리
134,토마토
134,쇠고기
133,닭고기
133,찹쌀
133,마늘
133,대추
133,후춧가루
133,대파
133,생강
133,물
133,소금
133,수삼
132,스파게티
132,생크림
132,햄
132,베이컨
132,바질
132,후춧가루
132,화이트와인
132,버터
132,소금
132,우유
132,양파
131,배
131,잣가루
131,오이
131,잣
131,상추
131,쇠고기
131,참기름
131,깨소금
131,후춧가루
131,설탕
131,계란노른자
131,간장
130,두부
130,홍고추
130,간장
130,설탕
130,실고추
130,후춧가루
130,통깨
130,참기름
130,물엿
129,골뱅이통조림
129,소면
129,대파
129,양파
129,당근
129,샐러리
129,고추장
129,고춧가루
129,식초
129,진간장
129,설탕
129,깨소금
129,참기름
129,다진마늘
129,오이
128,쇠고기
128,양파
128,다진파
128,다진마늘
128,밀가루
128,설탕
128,깨소금
128,참기름
128,후춧가루
128,간장
127,쇠고기
127,팽이버섯
127,당근
127,부추
127,육수
127,물
127,맛술
127,술
127,깨소금
127,된장
127,설탕
127,간장
127,다시마
126,가지
126,마른새우
126,식용유
126,진간장
126,소금
126,다진마늘
126,참기름
126,깨소금
126,다진파
125,식용유
125,간장
125,설탕
125,미림
125,마른고추
125,녹말
125,물
125,고등어
125,소금
125,청주
125,생강
124,도토리묵
124,청포묵
124,오이
124,게맛살
124,깨소금
124,설탕
124,식초
124,홍고추
124,참기름
124,간장
123,가는파
123,양파
123,돼지고기
123,청주
123,간장
123,생강
123,참기름
123,마늘
123,생강
123,식용유
123,후춧가루
123,소금
123,굵은파
122,감자
122,청고추
122,홍고추
122,식용유
122,흰후춧가루
122,참기름
122,설탕
122,소금
122,간장
121,꽁치
121,소금
121,실파
121,생강
121,설탕
121,청주
121,물
121,간장
120,계란
120,국수
120,새우
120,게맛살
120,치커리
120,소금
120,다시물
120,간장
120,맛술
120,와사비
120,무
120,미나리
119,당근
119,햄
119,게맛살
119,다진마늘
119,대파
119,고춧가루
119,홍고추
119,깨소금
119,라면
119,배추김치
119,표고버섯
119,콩나물
119,청고추
119,참기름
118,밥
118,계란
118,돼지고기
118,당근
118,식용유
118,표고버섯
118,대파
118,소금
118,후춧가루
118,양파
117,두부
117,미역
117,양파
117,통깨
117,간장
117,참기름
117,설탕
117,홍고추
116,양배추
116,쇠고기
116,돼지고기
116,양파
116,당근
116,간장
116,소금
116,후춧가루
116,넛맥
116,빵가루
116,물
116,계란
115,계란
115,우유
115,소금
115,토마토케첩
115,식용유
115,버터
115,후춧가루
114,두부
114,배추김치
114,다진파
114,소금
114,깻잎
114,깨소금
114,참기름
114,다진마늘
113,소금
113,양파
113,호박
113,대파
113,청고추
113,홍고추
113,낙지
113,고춧가루
113,간장
113,참기름
113,생강즙
113,설탕
113,깨소금
113,고추장
112,김치
112,쇠고기
112,표고버섯
112,통도라지
112,소금
112,계란
112,식용유
112,참기름
112,밀가루
111,꽁치
111,무
111,진간장
111,생강즙
111,식용유
111,다진마늘
111,고춧가루
111,물
111,다진파
110,쌀
110,식초
110,설탕
110,소금
110,고추냉이
110,오징어
110,문어
110,새우
110,참치
109,돼지갈비
109,생강즙
109,술
109,진간장
109,다진파
109,깻잎
109,고춧가루
109,설탕
109,깨소금
109,상추
109,다진마늘
108,부추
108,청고추
108,소금
108,밀가루
108,계란
108,홍고추
107,쇠고기
107,진간장
107,배즙
107,설탕
107,참기름
107,다진마늘
107,깨소금
107,후춧가루
107,다진파
106,메주콩
106,계란
106,칵테일새우
106,장식용어묵
106,잣
106,소금
106,새우젓
106,실파
106,통깨
106,은행
105,물
105,물
105,간장
105,당근
105,설탕
105,식용유
105,죽순
105,계란흰자
105,표고버섯
105,돼지고기
105,녹말
105,청피망
105,식초
105,녹말가루
105,홍피망
104,애호박
104,소금
104,밀가루
104,식용유
104,진간장
104,식초
104,쑥갓
104,계란
103,죽순
103,쇠고기
103,술
103,간장
103,녹말
103,마늘종
103,후춧가루
103,식용유
103,참기름
103,다진마늘
103,생강즙
103,소금
102,마른오징어
102,물
102,참기름
102,청고추
102,후춧가루
102,설탕
102,다진마늘
102,깨소금
102,다진파
102,진간장
101,감자
101,멸치
101,꽈리고추
101,깨소금
101,진간장
101,물엿
101,청주
101,식용유
100,더덕
100,간장
100,참기름
100,고추장
100,물
100,설탕
100,고춧가루
100,다진파
100,다진마늘
100,깨소금
100,설탕
99,배추
99,소금
99,다진파
99,다진마늘
99,다진생강
99,참기름
99,진간장
99,새우젓
99,설탕
99,통깨
99,고춧가루
98,닭
98,진간장
98,마늘
98,후춧가루
98,깨소금
98,고추장
98,물엿
98,술
98,녹말
97,계란
97,다진파
97,다진마늘
97,다시마
97,후춧가루
97,물
97,식용유
97,소금
96,냉이
96,모시조개
96,된장
96,소금
96,대파
96,마늘
96,물
96,다시마
95,오이
95,소금
95,다진파
95,실고추
95,깨소금
95,참기름
95,다진마늘
94,실파
94,굴
94,홍합
94,조갯살
94,멥쌀
94,계란
94,식용유
94,소금
94,밀가루
93,연근
93,식용유
93,통깨
93,물
93,설탕
93,청주
93,진간장
92,쇠고기
92,대파
92,마늘
92,생강
92,참기름
92,계란
92,홍고추
92,진간장
92,설탕
92,물
91,콩
91,설탕
91,참기름
91,깨소금
91,물
91,간장
90,오이
90,고추장
90,홍고추
90,실파
90,설탕
90,고춧가루
90,참기름
90,깨소금
90,다진마늘
89,깻잎
89,진간장
89,고춧가루
89,실고추
89,마늘
89,생강
89,깨소금
89,파
88,실고추
88,미나리
88,[절임용소금물] 소금
88,물
88,말린표고버섯
88,통생강
88,[국물용 소금물] 소금
88,물
88,배추
88,무
88,밤
88,배
88,대추
88,다진마늘
88,석이버섯
88,대파
88,잣
87,실파
87,까나리액젓
87,다진마늘
87,깨소금
87,고춧가루
87,설탕
87,소금
87,다진생강
86,부추
86,다진마늘
86,생강
86,소금
86,멸치젓
86,고춧가루
86,설탕
86,홍고추
85,쇠고기
85,무
85,물
85,후추
85,다진파
85,다진마늘
85,참기름
85,국간장
84,쇠고기
84,무
84,당면
84,대파
84,통마늘
84,후추
84,국간장
84,다진파
84,청주
84,참기름
84,소금
83,도가니
83,쇠고기
83,물
83,생강
83,소금
83,파
83,후추
83,고추가루
83,다진마늘
83,진간장
83,생강
83,소금
83,다진파
82,양지머리
82,파
82,마늘
82,밀국수
82,도가니
82,후추
82,물
82,소 잡뼈
82,사골
82,소금
81,쇠고기
81,양
81,무
81,대파
81,마늘
81,국간장
81,참기름
81,후추
81,국수
81,다진파
81,다진마늘
81,진간장
81,소금
80,밥
80,콩나물
80,김치
80,다진마늘
80,실파
80,새우젓
80,청고추
80,깨소금
80,김
80,계란
80,쇠고기육수
80,장조림
79,선지
79,우거지
79,콩나물
79,된장
79,고추장
79,참기름
79,진간장
79,고춧가루
79,다진마늘
79,다진파
79,깨소금
79,다진마늘
78,낙지
78,소금
78,쇠고기
78,두부
78,실파
78,표고버섯
78,홍고추
78,쑥갓
78,계란
78,밀가루
78,소금
78,식용유
78,물
78,간장
78,다진파
78,다진마늘
78,깨소금
78,참기름
78,설탕
78,새우
77,진간장
77,다진마늘
77,후춧가루
77,식용유
77,국수
77,쇠고기
77,고춧가루
77,애호박
77,느타리버섯
77,양파
77,대파
77,물
77,소금
77,배추
76,쇠고기
76,물
76,팽이버섯
76,표고버섯
76,당근
76,느타리버섯
76,양파
76,대파
76,어묵
76,곤약
76,무
76,국수
76,쑥갓
76,다시마
76,청주
76,소금
76,간장
76,식초
76,청주
76,배춧잎
75,우거지
75,배춧잎
75,된장
75,마늘
75,생강
75,간장
75,쇠고기
75,청고추
75,홍고추
75,대파
75,쌀뜨물
75,식용유
74,명란
74,깨소금
74,무
74,콩나물
74,대파
74,홍고추
74,쑥갓
74,물
74,간장
74,다진파
74,다진마늘
74,청주
74,소금
74,후춧가루
74,고춧가루
74,[쇠고기양념] 간장
74,설탕
74,다진마늘
74,다진파
74,쇠고기
73,물
73,소금
73,조기
73,무
73,고추가루
73,대파
73,마늘
73,생강
73,간장
73,양파
72,아구
72,콩나물
72,고사리
72,미나리
72,싸리버섯
72,깻잎
72,물
72,홍고추
72,대파
72,된장
72,다진마늘
72,고춧가루
72,후춧가루
72,청고추
71,돼지고기
71,감자
71,대파
71,물
71,마늘
71,청정원맛선생
71,간장
71,고춧가루
71,술
71,소금
71,후춧가루
71,생강
70,꽃게
70,애호박
70,무
70,느타리버섯
70,청고추
70,홍고추
70,후춧가루
70,고추장
70,고춧가루
70,다진마늘
70,다진생강
70,국간장
70,소금
70,대파
69,갓
69,무
69,소금
69,실파
69,고춧가루
69,물
69,생강
69,멸치젓
69,깨소금
69,밀가루
69,마늘
68,실파
68,마늘
68,대파
68,배주머니
68,갓
68,무
68,고추
68,소금
68,물
67,무
67,굴
67,소금
67,고춧가루
67,미나리
67,설탕
67,갓
67,마늘
67,새우젓
67,소금
67,실파
66,총각무
66,소금
66,대파
66,고추가루
66,다진마늘
66,다진생강
66,소금
66,새우젓
66,설탕
66,찹쌀가루
66,물
66,[절임용 소금물] 물
66,멸치젓
65,배추
65,미나리
65,홍고추
65,생강
65,물
65,대파
65,마늘
65,소금
65,고춧가루
65,무
64,오이
64,소금
64,고춧가루
64,부추
64,다진파
64,물
64,다진생강
64,설탕
64,진간장
64,청주
64,[절임용 소금물] 소금
64,다진마늘
63,열무
63,풋배추
63,소금
63,실파
63,밀가루
63,홍고추
63,마늘
63,생강
63,물
63,청고추
62,멸치젓
62,생강
62,깨소금
62,소금
62,배추
62,소금
62,고춧가루
62,물
62,무
62,갓
62,미나리
62,실파
62,배
62,대파
62,마늘
62,설탕
61,해파리
61,게맛살
61,오이
61,토마토
61,다진마늘
61,참기름
61,육수
61,설탕
61,간장
61,소금
61,식초
60,쌀
60,고춧가루
60,청주
60,소금
60,식초
60,설탕
60,다진쇠고기
60,표고버섯
60,멸치
60,단무지
60,간장
60,물엿
60,김치
60,후춧가루
60,깨소금
60,참기름
60,다시마
59,유부
59,우엉
59,쇠고기
59,당근
59,후춧가루
59,간장
59,청주
59,설탕
59,밥
58,통북어
58,콩나물
58,두부
58,계란
58,대파
58,홍고추
58,소금
58,후춧가루
58,참기름
58,물
58,다진마늘
57,간장
57,고춧가루
57,참기름
57,깨소금
57,흰콩
57,소금
57,돼지고기
57,배춧잎
57,다진파
57,다진마늘
57,식용유
57,물
56,배추김치
56,돼기고기
56,가래떡
56,대파
56,생강즙
56,참기름
56,육수
56,고춧가루
56,다진마늘
55,동태
55,무
55,애호박
55,두부
55,청고추
55,홍고추
55,소금
55,물
55,고추장
55,고춧가루
55,다진마늘
55,다진생강
55,대파
54,순두부
54,돼기고기
54,바지락
54,배추김치
54,양파
54,대파
54,물
54,다진마늘
54,계란
54,소금
54,후춧가루
54,식용유
54,고춧가루
53,청국장
53,쇠고기
53,무
53,배추김치
53,물
53,대파
53,다진마늘
53,김칫국물
53,소금
53,두부
52,대파
52,소금
52,파슬리
52,고추장
52,간장
52,물엿
52,청주
52,다진마늘
52,생강즙
52,깨소금
52,참기름
52,홍합
52,청주
51,돼기고기
51,젓국
51,생강
51,배추
51,무명실
51,새우젓
51,고춧가루
51,다진파
51,다진마늘
51,깨소금
51,참기름
51,무
51,굴
51,미나리
51,갓
51,실파
51,고춧가루
51,된장
50,쇠고기
50,대파
50,당근
50,표고버섯
50,밤
50,계란
50,홍고추
50,은행
50,잣
50,간장
50,설탕
50,청주
50,배
50,다진파
50,다진마늘
50,깨소금
50,참기름
50,후춧가루
50,무
49,계란
49,당근
49,통마늘
49,육수
49,버터
49,샐러리
49,쇠고기
49,양파
49,밀가루
49,월계수잎
49,돼기고기
49,레드와인
49,토마토케찹
49,빵가루
49,식용유
49,소금
49,후춧가루
48,육수
48,간장
48,마늘
48,양파
48,상추
48,깻잎
48,생강즙
48,월계수잎
48,갈비
48,배즙
48,양파즙
48,물엿
48,설탕
48,통깨
48,참기름
48,후춧가루
48,청주
48,대파
47,대구살
47,후춧가루
47,식용유
47,육수
47,목이버섯
47,양파
47,당근
47,피망
47,파인애플
47,식초
47,설탕
47,계란
47,녹말
47,청주
47,토마토케첩
47,마늘
47,간장
47,소금
47,생강즙
46,오징어
46,고추장
46,다진파
46,다진마늘
46,물엿
46,깨소금
46,참기름
46,간장
46,설탕
46,고춧가루
46,생강즙
45,마늘
45,물
45,간장
45,식초
45,소금
44,양배추잎
44,후춧가루
44,밤
44,양파
44,육수
44,녹말
44,물
44,무명실
44,소금
44,간장
44,깨소금
44,청주
44,다진파
44,다진마늘
44,참기름
44,파슬리가루
44,쇠고기
43,다진마늘
43,다진파
43,콩나물
43,쇠고기
43,표고버섯
43,양파
43,당근
43,미나리
43,계란
43,소금
43,깨소금
43,참기름
43,식용유
43,진간장
43,설탕
43,후춧가루
42,칼국수면
42,팥
42,설탕
42,소금
42,물
41,다시마
41,두부
41,표고버섯
41,당근
41,고추
41,양념간장
41,깨소금
41,소금
41,참기름
41,후춧가루
41,초고추장
41,들깨가루
40,닭
40,간장
40,고추장
40,고춧가루
40,후춧가루
40,마늘
40,생강즙
40,깨소금
40,대파
39,갈치
39,무
39,감자
39,홍고추
39,대파
39,물
39,참기름
39,고추장
39,고춧가루
39,마늘
39,생강
39,설탕
39,깨소금
39,간장
38,잔멸치
38,당근
38,청고추
38,청주
38,깨소금
38,간장
38,설탕
38,식용유
37,간장
37,소금
37,두부
37,참빛고운포도씨유
37,바질
37,다진양파
37,식초
37,토마토
36,우엉
36,간장
36,물
36,깨소금
36,소금
36,물엿
35,콩나물
35,다진파
35,다진마늘
35,후춧가루
35,참기름
35,실고추
35,소금
35,깨소금
34,상추잎
34,두부
34,깨소금
34,꿀
34,파프리카
34,레몬즙
34,연겨자
34,적양배추잎
34,당근
34,소금
33,부추
33,돼지고기
33,표고버섯
33,대파
33,식용유
33,간장
33,청주
33,소금
33,생강
32,죽순
32,표고버섯
32,대파
32,식용유
32,물
32,후춧가루
32,다진파
32,다진마늘
32,참기름
32,설탕
32,소금
32,간장
31,물
31,팥
31,날콩가루
31,밀가루
31,소금
30,마늘
30,간장
30,물엿
30,토마토케첩
30,설탕
30,양파
30,후춧가루
30,식용유
30,쇠고기
30,양송이버섯
30,피망
30,소금
29,쇠고기
29,생강즙
29,실파
29,느타리버섯
29,마늘
29,후춧가루
29,꼬치
29,참기름
29,깨소금
29,설탕
29,꿀
29,다진파
29,다진마늘
29,배즙
29,햇살담은간장
28,도미
28,감자
28,방울토마토
28,바질
28,블랙올리브
28,그린올리브
28,스위트마조람
28,올리브오일
28,화이트와인
28,계란노른자
28,오레가노
28,케이퍼
27,재첩
27,소금
27,물
27,부추
26,삶은 문어살
26,소스
26,꼴뚜기
26,중새우살
26,쭈꾸미
26,참소라살
26,모시조개
26,가리비
26,검은껍질홍합
26,가재새우
26,양파
26,샐러리
26,당근
26,루콜라
26,트레비소
26,갑오징어
25,오이
25,파
25,다진마늘
25,간장
25,식초
25,설탕
25,소금
25,고춧가루
25,물
25,대파
25,홍고추
25,물
25,깨소금
24,연어
24,후춧가루
24,레몬즙
24,소금
24,양파
24,차이브
24,올리브오일
24,방울토마토
24,페스토소스
24,모듬채소
24,양송이버섯
23,생태
23,미나리
23,콩나물
23,무
23,후춧가루
23,마늘
23,쌀뜨물
23,소금
23,홍고추
22,불린미역
22,오이
22,대파
22,다진마늘
22,물
22,소금
22,고춧가루
22,간장
22,깨소금
21,미역
21,다진쇠고기
21,마늘
21,물
21,후춧가루
21,국간장
21,참기름
21,식용유
20,쇠고기
20,무
20,실파
20,마늘
20,물
20,소금
20,참기름
20,후춧가루
20,국간장
19,두부
19,콩나물
19,모시조개
19,북어
19,홍고추
19,후춧가루
19,밀가루
19,계란
19,마늘
19,소금
19,실파
18,파
18,다진마늘
18,고추장
18,참기름
18,쇠고기
18,소금
18,후춧가루
18,두부
18,진간장
17,다시마
17,오이
17,홍고추
17,다진파
17,물
17,소금
17,고춧가루
17,깨소금
17,다진마늘
16,김치
16,참기름
16,표고버섯
16,두부
16,만두피
16,육수
16,쇠고기
16,다진파
16,다진마늘
16,소금
16,후춧가루
16,깨소금
16,간장
16,설탕
16,숙주
15,국수
15,돼지고기
15,녹말
15,계란흰자
15,오징어
15,새우
15,소금
15,표고버섯
15,죽순
15,파
15,다진마늘
15,멸칫국물
15,청주
15,홍합
14,국수
14,표고버섯
14,오이
14,계란
14,깻잎
14,쇠고기
14,양념장
14,상추
14,부추
13,열무
13,찹쌀가루
13,냉면
13,홍고추
13,청고추
13,대파
13,물
13,다진생강
13,고춧가루
13,식초
13,설탕
13,겨자
13,다진마늘
12,설탕
12,통후추
12,국수
12,쇠고기
12,동치미무
12,간장
12,홍고추
12,소금
12,깨소금
12,참기름
12,동치미국물
12,계란
11,냉면
11,쇠고기
11,동치미국물
11,오이
11,배
11,동치미무
11,식초
11,설탕
11,소금
11,쇠고기육수
11,계란
10,밀가루
10,감자
10,애호박
10,멸치
10,실파
10,소금
10,물
10,양념장
10,국간장
10,참기름
10,홍고추
9,계란
9,양파
9,물
9,당근
9,쌈장
9,후춧가루
9,다시마
9,밥
9,청피망
9,홍피망
9,오이
9,전분
9,멸치
9,소금
8,쇠고기
8,감자
8,양파
8,당근
8,통후추
8,카레
8,우유
8,밥
8,소금
8,완두콩
7,쌀
7,흑임자
7,설탕
7,소금
7,물
6,물
6,설탕
6,찹쌀
6,청동호박
6,팥
6,소금
5,찹쌀
5,흑설탕
5,계핏가루
5,깐밤
5,대추
5,물
5,물엿
5,식물성기름
5,흰설탕
5,간장
5,잣
4,쌀
4,콩나물
4,쇠고기
4,파
4,마늘
4,통후추
4,깨소금
4,고춧가루
4,진간장
4,소금
4,참기름
3,당면
3,통후추
3,표고버섯
3,호박
3,당근
3,부추
3,청고추
3,홍고추
3,다진파
3,다진마늘
3,진간장
3,참기름
3,소금
3,밥
3,돼지고기
2,멥쌀
2,찹쌀
2,수수
2,소금
2,콩
2,팥
2,차조
1,쌀
1,양지머리
1,콩나물
1,청포묵
1,미나리
1,소금
1,국간장
1,다진파
1,다진마늘
1,참기름
1,고추장
1,설탕
1,숙주
1,도라지
1,고사리
1,계란
1,안심
